,accuracy,var_smoothing,knn,model,alpha,fit_prior,force_alpha,binarize
591,0.8471739816861383,,3,Categorical,0.5,True,True,
592,0.8471739816861383,,3,Categorical,0.5,True,False,
652,0.8468582254499526,,10,Categorical,2.0,True,False,
651,0.8468582254499526,,10,Categorical,2.0,True,True,
596,0.8467003473318598,,3,Categorical,1.0,True,False,
620,0.8467003473318598,,5,Categorical,1.0,True,False,
595,0.8467003473318598,,3,Categorical,1.0,True,True,
619,0.8467003473318598,,5,Categorical,1.0,True,True,
616,0.8460688348594885,,5,Categorical,0.5,True,False,
615,0.8460688348594885,,5,Categorical,0.5,True,True,
599,0.8459109567413956,,3,Categorical,1.5,True,True,
600,0.8459109567413956,,3,Categorical,1.5,True,False,
607,0.8457530786233028,,3,Categorical,2.5,True,True,
604,0.8457530786233028,,3,Categorical,2.0,True,False,
612,0.8457530786233028,,3,Categorical,3.0,True,False,
603,0.8457530786233028,,3,Categorical,2.0,True,True,
608,0.8457530786233028,,3,Categorical,2.5,True,False,
611,0.8457530786233028,,3,Categorical,3.0,True,True,
643,0.84559520050521,,10,Categorical,1.0,True,True,
644,0.84559520050521,,10,Categorical,1.0,True,False,
655,0.8454373223871171,,10,Categorical,2.5,True,True,
656,0.8454373223871171,,10,Categorical,2.5,True,False,
628,0.8454373223871171,,5,Categorical,2.0,True,False,
627,0.8454373223871171,,5,Categorical,2.0,True,True,
632,0.8452794442690243,,5,Categorical,2.5,True,False,
639,0.8452794442690243,,10,Categorical,0.5,True,True,
631,0.8452794442690243,,5,Categorical,2.5,True,True,
640,0.8452794442690243,,10,Categorical,0.5,True,False,
635,0.8451215661509315,,5,Categorical,3.0,True,True,
636,0.8451215661509315,,5,Categorical,3.0,True,False,
624,0.844647931796653,,5,Categorical,1.5,True,False,
623,0.844647931796653,,5,Categorical,1.5,True,True,
659,0.844647931796653,,10,Categorical,3.0,True,True,
660,0.844647931796653,,10,Categorical,3.0,True,False,
653,0.8444900536785601,,10,Categorical,2.0,False,True,
654,0.8444900536785601,,10,Categorical,2.0,False,False,
647,0.8441742974423745,,10,Categorical,1.5,True,True,
648,0.8441742974423745,,10,Categorical,1.5,True,False,
649,0.8441742974423745,,10,Categorical,1.5,False,True,
650,0.8441742974423745,,10,Categorical,1.5,False,False,
657,0.8435427849700031,,10,Categorical,2.5,False,True,
658,0.8435427849700031,,10,Categorical,2.5,False,False,
645,0.8433849068519104,,10,Categorical,1.0,False,True,
602,0.8433849068519104,,3,Categorical,1.5,False,False,
601,0.8433849068519104,,3,Categorical,1.5,False,True,
646,0.8433849068519104,,10,Categorical,1.0,False,False,
626,0.8432270287338175,,5,Categorical,1.5,False,False,
625,0.8432270287338175,,5,Categorical,1.5,False,True,
662,0.8429112724976319,,10,Categorical,3.0,False,False,
661,0.8429112724976319,,10,Categorical,3.0,False,True,
630,0.842753394379539,,5,Categorical,2.0,False,False,
629,0.842753394379539,,5,Categorical,2.0,False,True,
597,0.842753394379539,,3,Categorical,1.0,False,True,
598,0.842753394379539,,3,Categorical,1.0,False,False,
622,0.8425955162614461,,5,Categorical,1.0,False,False,
621,0.8425955162614461,,5,Categorical,1.0,False,True,
634,0.8422797600252605,,5,Categorical,2.5,False,False,
633,0.8422797600252605,,5,Categorical,2.5,False,True,
637,0.8421218819071676,,5,Categorical,3.0,False,True,
638,0.8421218819071676,,5,Categorical,3.0,False,False,
606,0.8413324913167035,,3,Categorical,2.0,False,False,
605,0.8413324913167035,,3,Categorical,2.0,False,True,
610,0.8413324913167035,,3,Categorical,2.5,False,False,
609,0.8413324913167035,,3,Categorical,2.5,False,True,
613,0.839911588253868,,3,Categorical,3.0,False,True,
614,0.839911588253868,,3,Categorical,3.0,False,False,
642,0.8397537101357752,,10,Categorical,0.5,False,False,
641,0.8397537101357752,,10,Categorical,0.5,False,True,
617,0.8394379538995895,,5,Categorical,0.5,False,True,
618,0.8394379538995895,,5,Categorical,0.5,False,False,
594,0.8383328070729397,,3,Categorical,0.5,False,False,
593,0.8383328070729397,,3,Categorical,0.5,False,True,
1,0.7996526681401958,1e-50,3,Gauss,,,,
2,0.7996526681401958,1e-100,3,Gauss,,,,
7,0.7979160088411746,1e-100,5,Gauss,,,,
6,0.7979160088411746,1e-50,5,Gauss,,,,
11,0.7974423744868961,1e-50,10,Gauss,,,,
12,0.7974423744868961,1e-100,10,Gauss,,,,
3,0.7912851278812757,1e-05,3,Gauss,,,,
13,0.790022102936533,1e-05,10,Gauss,,,,
0,0.7893905904641617,1e-09,3,Gauss,,,,
8,0.789074834227976,1e-05,5,Gauss,,,,
10,0.7882854436375119,1e-09,10,Gauss,,,,
5,0.788127565519419,1e-09,5,Gauss,,,,
275,0.7844963688032839,,3,Bernoulli,2.5,True,True,3.0
228,0.7844963688032839,,3,Bernoulli,1.5,True,False,3.0
179,0.7844963688032839,,3,Bernoulli,0.5,True,True,3.0
203,0.7844963688032839,,3,Bernoulli,1.0,True,True,3.0
204,0.7844963688032839,,3,Bernoulli,1.0,True,False,3.0
227,0.7844963688032839,,3,Bernoulli,1.5,True,True,3.0
180,0.7844963688032839,,3,Bernoulli,0.5,True,False,3.0
251,0.7844963688032839,,3,Bernoulli,2.0,True,True,3.0
252,0.7844963688032839,,3,Bernoulli,2.0,True,False,3.0
300,0.7844963688032839,,3,Bernoulli,3.0,True,False,3.0
299,0.7844963688032839,,3,Bernoulli,3.0,True,True,3.0
276,0.7844963688032839,,3,Bernoulli,2.5,True,False,3.0
323,0.7840227344490054,,5,Bernoulli,0.5,True,True,3.0
420,0.7840227344490054,,5,Bernoulli,2.5,True,False,3.0
347,0.7840227344490054,,5,Bernoulli,1.0,True,True,3.0
348,0.7840227344490054,,5,Bernoulli,1.0,True,False,3.0
371,0.7840227344490054,,5,Bernoulli,1.5,True,True,3.0
395,0.7840227344490054,,5,Bernoulli,2.0,True,True,3.0
419,0.7840227344490054,,5,Bernoulli,2.5,True,True,3.0
324,0.7840227344490054,,5,Bernoulli,0.5,True,False,3.0
372,0.7840227344490054,,5,Bernoulli,1.5,True,False,3.0
396,0.7840227344490054,,5,Bernoulli,2.0,True,False,3.0
443,0.7840227344490054,,5,Bernoulli,3.0,True,True,3.0
444,0.7840227344490054,,5,Bernoulli,3.0,True,False,3.0
468,0.7818124407957057,,10,Bernoulli,0.5,True,False,3.0
588,0.7818124407957057,,10,Bernoulli,3.0,True,False,3.0
587,0.7818124407957057,,10,Bernoulli,3.0,True,True,3.0
564,0.7818124407957057,,10,Bernoulli,2.5,True,False,3.0
563,0.7818124407957057,,10,Bernoulli,2.5,True,True,3.0
540,0.7818124407957057,,10,Bernoulli,2.0,True,False,3.0
539,0.7818124407957057,,10,Bernoulli,2.0,True,True,3.0
516,0.7818124407957057,,10,Bernoulli,1.5,True,False,3.0
492,0.7818124407957057,,10,Bernoulli,1.0,True,False,3.0
491,0.7818124407957057,,10,Bernoulli,1.0,True,True,3.0
515,0.7818124407957057,,10,Bernoulli,1.5,True,True,3.0
467,0.7818124407957057,,10,Bernoulli,0.5,True,True,3.0
164,0.7807072939690559,,3,Bernoulli,0.5,True,False,1.0
211,0.7807072939690559,,3,Bernoulli,1.5,True,True,1.0
188,0.7807072939690559,,3,Bernoulli,1.0,True,False,1.0
283,0.7807072939690559,,3,Bernoulli,3.0,True,True,1.0
284,0.7807072939690559,,3,Bernoulli,3.0,True,False,1.0
260,0.7807072939690559,,3,Bernoulli,2.5,True,False,1.0
259,0.7807072939690559,,3,Bernoulli,2.5,True,True,1.0
163,0.7807072939690559,,3,Bernoulli,0.5,True,True,1.0
212,0.7807072939690559,,3,Bernoulli,1.5,True,False,1.0
236,0.7807072939690559,,3,Bernoulli,2.0,True,False,1.0
235,0.7807072939690559,,3,Bernoulli,2.0,True,True,1.0
187,0.7807072939690559,,3,Bernoulli,1.0,True,True,1.0
240,0.780549415850963,,3,Bernoulli,2.0,True,False,1.5
215,0.780549415850963,,3,Bernoulli,1.5,True,True,1.5
264,0.780549415850963,,3,Bernoulli,2.5,True,False,1.5
192,0.780549415850963,,3,Bernoulli,1.0,True,False,1.5
191,0.780549415850963,,3,Bernoulli,1.0,True,True,1.5
239,0.780549415850963,,3,Bernoulli,2.0,True,True,1.5
263,0.780549415850963,,3,Bernoulli,2.5,True,True,1.5
216,0.780549415850963,,3,Bernoulli,1.5,True,False,1.5
168,0.780549415850963,,3,Bernoulli,0.5,True,False,1.5
287,0.780549415850963,,3,Bernoulli,3.0,True,True,1.5
167,0.780549415850963,,3,Bernoulli,0.5,True,True,1.5
288,0.780549415850963,,3,Bernoulli,3.0,True,False,1.5
359,0.7791285127881276,,5,Bernoulli,1.5,True,True,1.5
432,0.7791285127881276,,5,Bernoulli,3.0,True,False,1.5
431,0.7791285127881276,,5,Bernoulli,3.0,True,True,1.5
408,0.7791285127881276,,5,Bernoulli,2.5,True,False,1.5
407,0.7791285127881276,,5,Bernoulli,2.5,True,True,1.5
384,0.7791285127881276,,5,Bernoulli,2.0,True,False,1.5
383,0.7791285127881276,,5,Bernoulli,2.0,True,True,1.5
360,0.7791285127881276,,5,Bernoulli,1.5,True,False,1.5
335,0.7791285127881276,,5,Bernoulli,1.0,True,True,1.5
336,0.7791285127881276,,5,Bernoulli,1.0,True,False,1.5
312,0.7791285127881276,,5,Bernoulli,0.5,True,False,1.5
311,0.7791285127881276,,5,Bernoulli,0.5,True,True,1.5
356,0.7789706346700347,,5,Bernoulli,1.5,True,False,1.0
355,0.7789706346700347,,5,Bernoulli,1.5,True,True,1.0
380,0.7789706346700347,,5,Bernoulli,2.0,True,False,1.0
332,0.7789706346700347,,5,Bernoulli,1.0,True,False,1.0
403,0.7789706346700347,,5,Bernoulli,2.5,True,True,1.0
404,0.7789706346700347,,5,Bernoulli,2.5,True,False,1.0
427,0.7789706346700347,,5,Bernoulli,3.0,True,True,1.0
428,0.7789706346700347,,5,Bernoulli,3.0,True,False,1.0
308,0.7789706346700347,,5,Bernoulli,0.5,True,False,1.0
307,0.7789706346700347,,5,Bernoulli,0.5,True,True,1.0
379,0.7789706346700347,,5,Bernoulli,2.0,True,True,1.0
331,0.7789706346700347,,5,Bernoulli,1.0,True,True,1.0
575,0.7767603410167351,,10,Bernoulli,3.0,True,True,1.5
503,0.7767603410167351,,10,Bernoulli,1.5,True,True,1.5
552,0.7767603410167351,,10,Bernoulli,2.5,True,False,1.5
551,0.7767603410167351,,10,Bernoulli,2.5,True,True,1.5
528,0.7767603410167351,,10,Bernoulli,2.0,True,False,1.5
527,0.7767603410167351,,10,Bernoulli,2.0,True,True,1.5
504,0.7767603410167351,,10,Bernoulli,1.5,True,False,1.5
576,0.7767603410167351,,10,Bernoulli,3.0,True,False,1.5
480,0.7766024628986422,,10,Bernoulli,1.0,True,False,1.5
456,0.7766024628986422,,10,Bernoulli,0.5,True,False,1.5
455,0.7766024628986422,,10,Bernoulli,0.5,True,True,1.5
479,0.7766024628986422,,10,Bernoulli,1.0,True,True,1.5
571,0.7762867066624566,,10,Bernoulli,3.0,True,True,1.0
548,0.7762867066624566,,10,Bernoulli,2.5,True,False,1.0
524,0.7762867066624566,,10,Bernoulli,2.0,True,False,1.0
523,0.7762867066624566,,10,Bernoulli,2.0,True,True,1.0
547,0.7762867066624566,,10,Bernoulli,2.5,True,True,1.0
500,0.7762867066624566,,10,Bernoulli,1.5,True,False,1.0
499,0.7762867066624566,,10,Bernoulli,1.5,True,True,1.0
572,0.7762867066624566,,10,Bernoulli,3.0,True,False,1.0
452,0.7761288285443637,,10,Bernoulli,0.5,True,False,1.0
475,0.7761288285443637,,10,Bernoulli,1.0,True,True,1.0
451,0.7761288285443637,,10,Bernoulli,0.5,True,True,1.0
476,0.7761288285443637,,10,Bernoulli,1.0,True,False,1.0
98,0.775023681717714,,3,Complement,1.5,False,False,
99,0.775023681717714,,3,Complement,2.0,True,True,
106,0.775023681717714,,3,Complement,2.5,False,False,
100,0.775023681717714,,3,Complement,2.0,True,False,
101,0.775023681717714,,3,Complement,2.0,False,True,
108,0.775023681717714,,3,Complement,3.0,True,False,
102,0.775023681717714,,3,Complement,2.0,False,False,
87,0.775023681717714,,3,Complement,0.5,True,True,
104,0.775023681717714,,3,Complement,2.5,True,False,
105,0.775023681717714,,3,Complement,2.5,False,True,
103,0.775023681717714,,3,Complement,2.5,True,True,
91,0.775023681717714,,3,Complement,1.0,True,True,
88,0.775023681717714,,3,Complement,0.5,True,False,
89,0.775023681717714,,3,Complement,0.5,False,True,
90,0.775023681717714,,3,Complement,0.5,False,False,
110,0.775023681717714,,3,Complement,3.0,False,False,
92,0.775023681717714,,3,Complement,1.0,True,False,
93,0.775023681717714,,3,Complement,1.0,False,True,
94,0.775023681717714,,3,Complement,1.0,False,False,
95,0.775023681717714,,3,Complement,1.5,True,True,
96,0.775023681717714,,3,Complement,1.5,True,False,
97,0.775023681717714,,3,Complement,1.5,False,True,
109,0.775023681717714,,3,Complement,3.0,False,True,
107,0.775023681717714,,3,Complement,3.0,True,True,
36,0.775023681717714,,3,Multinomial,3.0,True,False,
21,0.775023681717714,,3,Multinomial,1.0,False,True,
37,0.775023681717714,,3,Multinomial,3.0,False,True,
34,0.775023681717714,,3,Multinomial,2.5,False,False,
33,0.775023681717714,,3,Multinomial,2.5,False,True,
38,0.775023681717714,,3,Multinomial,3.0,False,False,
32,0.775023681717714,,3,Multinomial,2.5,True,False,
31,0.775023681717714,,3,Multinomial,2.5,True,True,
30,0.775023681717714,,3,Multinomial,2.0,False,False,
29,0.775023681717714,,3,Multinomial,2.0,False,True,
28,0.775023681717714,,3,Multinomial,2.0,True,False,
27,0.775023681717714,,3,Multinomial,2.0,True,True,
25,0.775023681717714,,3,Multinomial,1.5,False,True,
24,0.775023681717714,,3,Multinomial,1.5,True,False,
23,0.775023681717714,,3,Multinomial,1.5,True,True,
22,0.775023681717714,,3,Multinomial,1.0,False,False,
26,0.775023681717714,,3,Multinomial,1.5,False,False,
20,0.775023681717714,,3,Multinomial,1.0,True,False,
16,0.775023681717714,,3,Multinomial,0.5,True,False,
19,0.775023681717714,,3,Multinomial,1.0,True,True,
15,0.775023681717714,,3,Multinomial,0.5,True,True,
35,0.775023681717714,,3,Multinomial,3.0,True,True,
17,0.775023681717714,,3,Multinomial,0.5,False,True,
18,0.775023681717714,,3,Multinomial,0.5,False,False,
172,0.7745500473634355,,3,Bernoulli,0.5,True,False,2.0
291,0.7745500473634355,,3,Bernoulli,3.0,True,True,2.0
171,0.7745500473634355,,3,Bernoulli,0.5,True,True,2.0
219,0.7745500473634355,,3,Bernoulli,1.5,True,True,2.0
220,0.7745500473634355,,3,Bernoulli,1.5,True,False,2.0
292,0.7745500473634355,,3,Bernoulli,3.0,True,False,2.0
196,0.7745500473634355,,3,Bernoulli,1.0,True,False,2.0
195,0.7745500473634355,,3,Bernoulli,1.0,True,True,2.0
268,0.7745500473634355,,3,Bernoulli,2.5,True,False,2.0
267,0.7745500473634355,,3,Bernoulli,2.5,True,True,2.0
244,0.7745500473634355,,3,Bernoulli,2.0,True,False,2.0
243,0.7745500473634355,,3,Bernoulli,2.0,True,True,2.0
272,0.7742342911272497,,3,Bernoulli,2.5,True,False,2.5
175,0.7742342911272497,,3,Bernoulli,0.5,True,True,2.5
176,0.7742342911272497,,3,Bernoulli,0.5,True,False,2.5
271,0.7742342911272497,,3,Bernoulli,2.5,True,True,2.5
199,0.7742342911272497,,3,Bernoulli,1.0,True,True,2.5
200,0.7742342911272497,,3,Bernoulli,1.0,True,False,2.5
295,0.7742342911272497,,3,Bernoulli,3.0,True,True,2.5
248,0.7742342911272497,,3,Bernoulli,2.0,True,False,2.5
247,0.7742342911272497,,3,Bernoulli,2.0,True,True,2.5
223,0.7742342911272497,,3,Bernoulli,1.5,True,True,2.5
296,0.7742342911272497,,3,Bernoulli,3.0,True,False,2.5
224,0.7742342911272497,,3,Bernoulli,1.5,True,False,2.5
112,0.7737606567729712,,5,Complement,0.5,True,False,
126,0.7737606567729712,,5,Complement,2.0,False,False,
319,0.7737606567729712,,5,Bernoulli,0.5,True,True,2.5
320,0.7737606567729712,,5,Bernoulli,0.5,True,False,2.5
115,0.7737606567729712,,5,Complement,1.0,True,True,
114,0.7737606567729712,,5,Complement,0.5,False,False,
127,0.7737606567729712,,5,Complement,2.5,True,True,
343,0.7737606567729712,,5,Bernoulli,1.0,True,True,2.5
120,0.7737606567729712,,5,Complement,1.5,True,False,
111,0.7737606567729712,,5,Complement,0.5,True,True,
392,0.7737606567729712,,5,Bernoulli,2.0,True,False,2.5
391,0.7737606567729712,,5,Bernoulli,2.0,True,True,2.5
344,0.7737606567729712,,5,Bernoulli,1.0,True,False,2.5
125,0.7737606567729712,,5,Complement,2.0,False,True,
416,0.7737606567729712,,5,Bernoulli,2.5,True,False,2.5
116,0.7737606567729712,,5,Complement,1.0,True,False,
131,0.7737606567729712,,5,Complement,3.0,True,True,
132,0.7737606567729712,,5,Complement,3.0,True,False,
119,0.7737606567729712,,5,Complement,1.5,True,True,
440,0.7737606567729712,,5,Bernoulli,3.0,True,False,2.5
439,0.7737606567729712,,5,Bernoulli,3.0,True,True,2.5
118,0.7737606567729712,,5,Complement,1.0,False,False,
117,0.7737606567729712,,5,Complement,1.0,False,True,
130,0.7737606567729712,,5,Complement,2.5,False,False,
133,0.7737606567729712,,5,Complement,3.0,False,True,
367,0.7737606567729712,,5,Bernoulli,1.5,True,True,2.5
368,0.7737606567729712,,5,Bernoulli,1.5,True,False,2.5
129,0.7737606567729712,,5,Complement,2.5,False,True,
128,0.7737606567729712,,5,Complement,2.5,True,False,
123,0.7737606567729712,,5,Complement,2.0,True,True,
124,0.7737606567729712,,5,Complement,2.0,True,False,
113,0.7737606567729712,,5,Complement,0.5,False,True,
415,0.7737606567729712,,5,Bernoulli,2.5,True,True,2.5
134,0.7737606567729712,,5,Complement,3.0,False,False,
59,0.7737606567729712,,5,Multinomial,3.0,True,True,
57,0.7737606567729712,,5,Multinomial,2.5,False,True,
56,0.7737606567729712,,5,Multinomial,2.5,True,False,
55,0.7737606567729712,,5,Multinomial,2.5,True,True,
54,0.7737606567729712,,5,Multinomial,2.0,False,False,
53,0.7737606567729712,,5,Multinomial,2.0,False,True,
52,0.7737606567729712,,5,Multinomial,2.0,True,False,
51,0.7737606567729712,,5,Multinomial,2.0,True,True,
50,0.7737606567729712,,5,Multinomial,1.5,False,False,
49,0.7737606567729712,,5,Multinomial,1.5,False,True,
48,0.7737606567729712,,5,Multinomial,1.5,True,False,
47,0.7737606567729712,,5,Multinomial,1.5,True,True,
46,0.7737606567729712,,5,Multinomial,1.0,False,False,
45,0.7737606567729712,,5,Multinomial,1.0,False,True,
44,0.7737606567729712,,5,Multinomial,1.0,True,False,
43,0.7737606567729712,,5,Multinomial,1.0,True,True,
42,0.7737606567729712,,5,Multinomial,0.5,False,False,
41,0.7737606567729712,,5,Multinomial,0.5,False,True,
40,0.7737606567729712,,5,Multinomial,0.5,True,False,
39,0.7737606567729712,,5,Multinomial,0.5,True,True,
122,0.7737606567729712,,5,Complement,1.5,False,False,
58,0.7737606567729712,,5,Multinomial,2.5,False,False,
60,0.7737606567729712,,5,Multinomial,3.0,True,False,
61,0.7737606567729712,,5,Multinomial,3.0,False,True,
121,0.7737606567729712,,5,Complement,1.5,False,True,
62,0.7737606567729712,,5,Multinomial,3.0,False,False,
63,0.7724976318282286,,10,Multinomial,0.5,True,True,
74,0.7724976318282286,,10,Multinomial,1.5,False,False,
83,0.7724976318282286,,10,Multinomial,3.0,True,True,
84,0.7724976318282286,,10,Multinomial,3.0,True,False,
85,0.7724976318282286,,10,Multinomial,3.0,False,True,
86,0.7724976318282286,,10,Multinomial,3.0,False,False,
79,0.7724976318282286,,10,Multinomial,2.5,True,True,
78,0.7724976318282286,,10,Multinomial,2.0,False,False,
77,0.7724976318282286,,10,Multinomial,2.0,False,True,
76,0.7724976318282286,,10,Multinomial,2.0,True,False,
75,0.7724976318282286,,10,Multinomial,2.0,True,True,
73,0.7724976318282286,,10,Multinomial,1.5,False,True,
64,0.7724976318282286,,10,Multinomial,0.5,True,False,
72,0.7724976318282286,,10,Multinomial,1.5,True,False,
71,0.7724976318282286,,10,Multinomial,1.5,True,True,
70,0.7724976318282286,,10,Multinomial,1.0,False,False,
69,0.7724976318282286,,10,Multinomial,1.0,False,True,
68,0.7724976318282286,,10,Multinomial,1.0,True,False,
67,0.7724976318282286,,10,Multinomial,1.0,True,True,
66,0.7724976318282286,,10,Multinomial,0.5,False,False,
65,0.7724976318282286,,10,Multinomial,0.5,False,True,
82,0.7724976318282286,,10,Multinomial,2.5,False,False,
81,0.7724976318282286,,10,Multinomial,2.5,False,True,
155,0.7724976318282286,,10,Complement,3.0,True,True,
135,0.7724976318282286,,10,Complement,0.5,True,True,
149,0.7724976318282286,,10,Complement,2.0,False,True,
151,0.7724976318282286,,10,Complement,2.5,True,True,
148,0.7724976318282286,,10,Complement,2.0,True,False,
147,0.7724976318282286,,10,Complement,2.0,True,True,
146,0.7724976318282286,,10,Complement,1.5,False,False,
145,0.7724976318282286,,10,Complement,1.5,False,True,
144,0.7724976318282286,,10,Complement,1.5,True,False,
80,0.7724976318282286,,10,Multinomial,2.5,True,False,
143,0.7724976318282286,,10,Complement,1.5,True,True,
142,0.7724976318282286,,10,Complement,1.0,False,False,
156,0.7724976318282286,,10,Complement,3.0,True,False,
157,0.7724976318282286,,10,Complement,3.0,False,True,
136,0.7724976318282286,,10,Complement,0.5,True,False,
154,0.7724976318282286,,10,Complement,2.5,False,False,
153,0.7724976318282286,,10,Complement,2.5,False,True,
139,0.7724976318282286,,10,Complement,1.0,True,True,
158,0.7724976318282286,,10,Complement,3.0,False,False,
138,0.7724976318282286,,10,Complement,0.5,False,False,
150,0.7724976318282286,,10,Complement,2.0,False,False,
137,0.7724976318282286,,10,Complement,0.5,False,True,
140,0.7724976318282286,,10,Complement,1.0,True,False,
141,0.7724976318282286,,10,Complement,1.0,False,True,
152,0.7724976318282286,,10,Complement,2.5,True,False,
412,0.772181875592043,,5,Bernoulli,2.5,True,False,2.0
315,0.772181875592043,,5,Bernoulli,0.5,True,True,2.0
316,0.772181875592043,,5,Bernoulli,0.5,True,False,2.0
435,0.772181875592043,,5,Bernoulli,3.0,True,True,2.0
388,0.772181875592043,,5,Bernoulli,2.0,True,False,2.0
387,0.772181875592043,,5,Bernoulli,2.0,True,True,2.0
411,0.772181875592043,,5,Bernoulli,2.5,True,True,2.0
436,0.772181875592043,,5,Bernoulli,3.0,True,False,2.0
340,0.772181875592043,,5,Bernoulli,1.0,True,False,2.0
363,0.772181875592043,,5,Bernoulli,1.5,True,True,2.0
364,0.772181875592043,,5,Bernoulli,1.5,True,False,2.0
339,0.772181875592043,,5,Bernoulli,1.0,True,True,2.0
535,0.7720239974739501,,10,Bernoulli,2.0,True,True,2.5
511,0.7720239974739501,,10,Bernoulli,1.5,True,True,2.5
583,0.7720239974739501,,10,Bernoulli,3.0,True,True,2.5
584,0.7720239974739501,,10,Bernoulli,3.0,True,False,2.5
512,0.7720239974739501,,10,Bernoulli,1.5,True,False,2.5
536,0.7720239974739501,,10,Bernoulli,2.0,True,False,2.5
464,0.7720239974739501,,10,Bernoulli,0.5,True,False,2.5
560,0.7720239974739501,,10,Bernoulli,2.5,True,False,2.5
559,0.7720239974739501,,10,Bernoulli,2.5,True,True,2.5
463,0.7720239974739501,,10,Bernoulli,0.5,True,True,2.5
487,0.7720239974739501,,10,Bernoulli,1.0,True,True,2.5
488,0.7720239974739501,,10,Bernoulli,1.0,True,False,2.5
483,0.7699715819387433,,10,Bernoulli,1.0,True,True,2.0
579,0.7699715819387433,,10,Bernoulli,3.0,True,True,2.0
580,0.7699715819387433,,10,Bernoulli,3.0,True,False,2.0
508,0.7699715819387433,,10,Bernoulli,1.5,True,False,2.0
532,0.7699715819387433,,10,Bernoulli,2.0,True,False,2.0
531,0.7699715819387433,,10,Bernoulli,2.0,True,True,2.0
507,0.7699715819387433,,10,Bernoulli,1.5,True,True,2.0
555,0.7699715819387433,,10,Bernoulli,2.5,True,True,2.0
556,0.7699715819387433,,10,Bernoulli,2.5,True,False,2.0
484,0.7699715819387433,,10,Bernoulli,1.0,True,False,2.0
460,0.7698137038206505,,10,Bernoulli,0.5,True,False,2.0
459,0.7698137038206505,,10,Bernoulli,0.5,True,True,2.0
4,0.7499210609409536,1.0,3,Gauss,,,,
9,0.7499210609409536,1.0,5,Gauss,,,,
14,0.7499210609409536,1.0,10,Gauss,,,,
327,0.7322387117145563,,5,Bernoulli,1.0,True,True,0.0
351,0.7322387117145563,,5,Bernoulli,1.5,True,True,0.0
304,0.7322387117145563,,5,Bernoulli,0.5,True,False,0.0
303,0.7322387117145563,,5,Bernoulli,0.5,True,True,0.0
424,0.7322387117145563,,5,Bernoulli,3.0,True,False,0.0
423,0.7322387117145563,,5,Bernoulli,3.0,True,True,0.0
328,0.7322387117145563,,5,Bernoulli,1.0,True,False,0.0
400,0.7322387117145563,,5,Bernoulli,2.5,True,False,0.0
399,0.7322387117145563,,5,Bernoulli,2.5,True,True,0.0
375,0.7322387117145563,,5,Bernoulli,2.0,True,True,0.0
352,0.7322387117145563,,5,Bernoulli,1.5,True,False,0.0
376,0.7322387117145563,,5,Bernoulli,2.0,True,False,0.0
471,0.7320808335964635,,10,Bernoulli,1.0,True,True,0.0
447,0.7320808335964635,,10,Bernoulli,0.5,True,True,0.0
543,0.7320808335964635,,10,Bernoulli,2.5,True,True,0.0
448,0.7320808335964635,,10,Bernoulli,0.5,True,False,0.0
568,0.7320808335964635,,10,Bernoulli,3.0,True,False,0.0
495,0.7320808335964635,,10,Bernoulli,1.5,True,True,0.0
567,0.7320808335964635,,10,Bernoulli,3.0,True,True,0.0
472,0.7320808335964635,,10,Bernoulli,1.0,True,False,0.0
544,0.7320808335964635,,10,Bernoulli,2.5,True,False,0.0
496,0.7320808335964635,,10,Bernoulli,1.5,True,False,0.0
520,0.7320808335964635,,10,Bernoulli,2.0,True,False,0.0
519,0.7320808335964635,,10,Bernoulli,2.0,True,True,0.0
208,0.7319229554783707,,3,Bernoulli,1.5,True,False,0.0
231,0.7319229554783707,,3,Bernoulli,2.0,True,True,0.0
232,0.7319229554783707,,3,Bernoulli,2.0,True,False,0.0
280,0.7319229554783707,,3,Bernoulli,3.0,True,False,0.0
279,0.7319229554783707,,3,Bernoulli,3.0,True,True,0.0
160,0.7319229554783707,,3,Bernoulli,0.5,True,False,0.0
207,0.7319229554783707,,3,Bernoulli,1.5,True,True,0.0
184,0.7319229554783707,,3,Bernoulli,1.0,True,False,0.0
183,0.7319229554783707,,3,Bernoulli,1.0,True,True,0.0
255,0.7319229554783707,,3,Bernoulli,2.5,True,True,0.0
256,0.7319229554783707,,3,Bernoulli,2.5,True,False,0.0
159,0.7319229554783707,,3,Bernoulli,0.5,True,True,0.0
258,0.7207136090937796,,3,Bernoulli,2.5,False,False,0.0
233,0.7207136090937796,,3,Bernoulli,2.0,False,True,0.0
234,0.7207136090937796,,3,Bernoulli,2.0,False,False,0.0
209,0.7207136090937796,,3,Bernoulli,1.5,False,True,0.0
257,0.7207136090937796,,3,Bernoulli,2.5,False,True,0.0
281,0.7207136090937796,,3,Bernoulli,3.0,False,True,0.0
210,0.7207136090937796,,3,Bernoulli,1.5,False,False,0.0
282,0.7207136090937796,,3,Bernoulli,3.0,False,False,0.0
185,0.7197663403852226,,3,Bernoulli,1.0,False,True,0.0
186,0.7197663403852226,,3,Bernoulli,1.0,False,False,0.0
161,0.7196084622671298,,3,Bernoulli,0.5,False,True,0.0
162,0.7196084622671298,,3,Bernoulli,0.5,False,False,0.0
306,0.71850331544048,,5,Bernoulli,0.5,False,False,0.0
354,0.71850331544048,,5,Bernoulli,1.5,False,False,0.0
377,0.71850331544048,,5,Bernoulli,2.0,False,True,0.0
329,0.71850331544048,,5,Bernoulli,1.0,False,True,0.0
401,0.71850331544048,,5,Bernoulli,2.5,False,True,0.0
402,0.71850331544048,,5,Bernoulli,2.5,False,False,0.0
305,0.71850331544048,,5,Bernoulli,0.5,False,True,0.0
426,0.71850331544048,,5,Bernoulli,3.0,False,False,0.0
330,0.71850331544048,,5,Bernoulli,1.0,False,False,0.0
425,0.71850331544048,,5,Bernoulli,3.0,False,True,0.0
378,0.71850331544048,,5,Bernoulli,2.0,False,False,0.0
353,0.71850331544048,,5,Bernoulli,1.5,False,True,0.0
449,0.716608778023366,,10,Bernoulli,0.5,False,True,0.0
473,0.716608778023366,,10,Bernoulli,1.0,False,True,0.0
474,0.716608778023366,,10,Bernoulli,1.0,False,False,0.0
450,0.716608778023366,,10,Bernoulli,0.5,False,False,0.0
570,0.716608778023366,,10,Bernoulli,3.0,False,False,0.0
545,0.716608778023366,,10,Bernoulli,2.5,False,True,0.0
546,0.716608778023366,,10,Bernoulli,2.5,False,False,0.0
522,0.716608778023366,,10,Bernoulli,2.0,False,False,0.0
497,0.716608778023366,,10,Bernoulli,1.5,False,True,0.0
521,0.716608778023366,,10,Bernoulli,2.0,False,True,0.0
569,0.716608778023366,,10,Bernoulli,3.0,False,True,0.0
498,0.716608778023366,,10,Bernoulli,1.5,False,False,0.0
222,0.686454057467635,,3,Bernoulli,1.5,False,False,2.0
221,0.686454057467635,,3,Bernoulli,1.5,False,True,2.0
197,0.6862961793495421,,3,Bernoulli,1.0,False,True,2.0
294,0.6862961793495421,,3,Bernoulli,3.0,False,False,2.0
293,0.6862961793495421,,3,Bernoulli,3.0,False,True,2.0
270,0.6862961793495421,,3,Bernoulli,2.5,False,False,2.0
198,0.6862961793495421,,3,Bernoulli,1.0,False,False,2.0
246,0.6862961793495421,,3,Bernoulli,2.0,False,False,2.0
245,0.6862961793495421,,3,Bernoulli,2.0,False,True,2.0
269,0.6862961793495421,,3,Bernoulli,2.5,False,True,2.0
174,0.6861383012314494,,3,Bernoulli,0.5,False,False,2.0
226,0.6861383012314494,,3,Bernoulli,1.5,False,False,2.5
225,0.6861383012314494,,3,Bernoulli,1.5,False,True,2.5
173,0.6861383012314494,,3,Bernoulli,0.5,False,True,2.0
297,0.6859804231133565,,3,Bernoulli,3.0,False,True,2.5
201,0.6859804231133565,,3,Bernoulli,1.0,False,True,2.5
298,0.6859804231133565,,3,Bernoulli,3.0,False,False,2.5
249,0.6859804231133565,,3,Bernoulli,2.0,False,True,2.5
250,0.6859804231133565,,3,Bernoulli,2.0,False,False,2.5
273,0.6859804231133565,,3,Bernoulli,2.5,False,True,2.5
274,0.6859804231133565,,3,Bernoulli,2.5,False,False,2.5
202,0.6859804231133565,,3,Bernoulli,1.0,False,False,2.5
177,0.6858225449952636,,3,Bernoulli,0.5,False,True,2.5
178,0.6858225449952636,,3,Bernoulli,0.5,False,False,2.5
437,0.6850331544047995,,5,Bernoulli,3.0,False,True,2.0
389,0.6850331544047995,,5,Bernoulli,2.0,False,True,2.0
390,0.6850331544047995,,5,Bernoulli,2.0,False,False,2.0
342,0.6850331544047995,,5,Bernoulli,1.0,False,False,2.0
365,0.6850331544047995,,5,Bernoulli,1.5,False,True,2.0
366,0.6850331544047995,,5,Bernoulli,1.5,False,False,2.0
438,0.6850331544047995,,5,Bernoulli,3.0,False,False,2.0
414,0.6850331544047995,,5,Bernoulli,2.5,False,False,2.0
413,0.6850331544047995,,5,Bernoulli,2.5,False,True,2.0
341,0.6850331544047995,,5,Bernoulli,1.0,False,True,2.0
317,0.6848752762867066,,5,Bernoulli,0.5,False,True,2.0
318,0.6848752762867066,,5,Bernoulli,0.5,False,False,2.0
558,0.6832964951057784,,10,Bernoulli,2.5,False,False,2.0
533,0.6832964951057784,,10,Bernoulli,2.0,False,True,2.0
534,0.6832964951057784,,10,Bernoulli,2.0,False,False,2.0
581,0.6832964951057784,,10,Bernoulli,3.0,False,True,2.0
557,0.6832964951057784,,10,Bernoulli,2.5,False,True,2.0
582,0.6832964951057784,,10,Bernoulli,3.0,False,False,2.0
346,0.6832964951057784,,5,Bernoulli,1.0,False,False,2.5
486,0.6832964951057784,,10,Bernoulli,1.0,False,False,2.0
485,0.6832964951057784,,10,Bernoulli,1.0,False,True,2.0
369,0.6832964951057784,,5,Bernoulli,1.5,False,True,2.5
370,0.6832964951057784,,5,Bernoulli,1.5,False,False,2.5
393,0.6832964951057784,,5,Bernoulli,2.0,False,True,2.5
394,0.6832964951057784,,5,Bernoulli,2.0,False,False,2.5
510,0.6832964951057784,,10,Bernoulli,1.5,False,False,2.0
509,0.6832964951057784,,10,Bernoulli,1.5,False,True,2.0
345,0.6832964951057784,,5,Bernoulli,1.0,False,True,2.5
461,0.6832964951057784,,10,Bernoulli,0.5,False,True,2.0
462,0.6832964951057784,,10,Bernoulli,0.5,False,False,2.0
322,0.6831386169876855,,5,Bernoulli,0.5,False,False,2.5
321,0.6831386169876855,,5,Bernoulli,0.5,False,True,2.5
417,0.6831386169876855,,5,Bernoulli,2.5,False,True,2.5
418,0.6831386169876855,,5,Bernoulli,2.5,False,False,2.5
441,0.6831386169876855,,5,Bernoulli,3.0,False,True,2.5
442,0.6831386169876855,,5,Bernoulli,3.0,False,False,2.5
586,0.6821913482791285,,10,Bernoulli,3.0,False,False,2.5
514,0.6821913482791285,,10,Bernoulli,1.5,False,False,2.5
490,0.6821913482791285,,10,Bernoulli,1.0,False,False,2.5
489,0.6821913482791285,,10,Bernoulli,1.0,False,True,2.5
585,0.6821913482791285,,10,Bernoulli,3.0,False,True,2.5
513,0.6821913482791285,,10,Bernoulli,1.5,False,True,2.5
562,0.6821913482791285,,10,Bernoulli,2.5,False,False,2.5
561,0.6821913482791285,,10,Bernoulli,2.5,False,True,2.5
465,0.6821913482791285,,10,Bernoulli,0.5,False,True,2.5
466,0.6821913482791285,,10,Bernoulli,0.5,False,False,2.5
537,0.6820334701610357,,10,Bernoulli,2.0,False,True,2.5
538,0.6820334701610357,,10,Bernoulli,2.0,False,False,2.5
229,0.6654562677612883,,3,Bernoulli,1.5,False,True,3.0
230,0.6654562677612883,,3,Bernoulli,1.5,False,False,3.0
277,0.6654562677612883,,3,Bernoulli,2.5,False,True,3.0
253,0.6654562677612883,,3,Bernoulli,2.0,False,True,3.0
302,0.6654562677612883,,3,Bernoulli,3.0,False,False,3.0
278,0.6654562677612883,,3,Bernoulli,2.5,False,False,3.0
254,0.6654562677612883,,3,Bernoulli,2.0,False,False,3.0
301,0.6654562677612883,,3,Bernoulli,3.0,False,True,3.0
205,0.6652983896431954,,3,Bernoulli,1.0,False,True,3.0
181,0.6652983896431954,,3,Bernoulli,0.5,False,True,3.0
206,0.6652983896431954,,3,Bernoulli,1.0,False,False,3.0
182,0.6652983896431954,,3,Bernoulli,0.5,False,False,3.0
446,0.6643511209346384,,5,Bernoulli,3.0,False,False,3.0
422,0.6643511209346384,,5,Bernoulli,2.5,False,False,3.0
445,0.6643511209346384,,5,Bernoulli,3.0,False,True,3.0
421,0.6643511209346384,,5,Bernoulli,2.5,False,True,3.0
398,0.6643511209346384,,5,Bernoulli,2.0,False,False,3.0
397,0.6643511209346384,,5,Bernoulli,2.0,False,True,3.0
325,0.6641932428165457,,5,Bernoulli,0.5,False,True,3.0
326,0.6641932428165457,,5,Bernoulli,0.5,False,False,3.0
374,0.6641932428165457,,5,Bernoulli,1.5,False,False,3.0
373,0.6641932428165457,,5,Bernoulli,1.5,False,True,3.0
350,0.6641932428165457,,5,Bernoulli,1.0,False,False,3.0
349,0.6641932428165457,,5,Bernoulli,1.0,False,True,3.0
566,0.6632459741079886,,10,Bernoulli,2.5,False,False,3.0
541,0.6632459741079886,,10,Bernoulli,2.0,False,True,3.0
517,0.6632459741079886,,10,Bernoulli,1.5,False,True,3.0
518,0.6632459741079886,,10,Bernoulli,1.5,False,False,3.0
542,0.6632459741079886,,10,Bernoulli,2.0,False,False,3.0
565,0.6632459741079886,,10,Bernoulli,2.5,False,True,3.0
590,0.6630880959898958,,10,Bernoulli,3.0,False,False,3.0
589,0.6630880959898958,,10,Bernoulli,3.0,False,True,3.0
494,0.6630880959898958,,10,Bernoulli,1.0,False,False,3.0
493,0.6630880959898958,,10,Bernoulli,1.0,False,True,3.0
469,0.6630880959898958,,10,Bernoulli,0.5,False,True,3.0
470,0.6630880959898958,,10,Bernoulli,0.5,False,False,3.0
429,0.6173034417429745,,5,Bernoulli,3.0,False,True,1.0
358,0.6173034417429745,,5,Bernoulli,1.5,False,False,1.0
430,0.6173034417429745,,5,Bernoulli,3.0,False,False,1.0
310,0.6173034417429745,,5,Bernoulli,0.5,False,False,1.0
309,0.6173034417429745,,5,Bernoulli,0.5,False,True,1.0
381,0.6173034417429745,,5,Bernoulli,2.0,False,True,1.0
333,0.6173034417429745,,5,Bernoulli,1.0,False,True,1.0
334,0.6173034417429745,,5,Bernoulli,1.0,False,False,1.0
382,0.6173034417429745,,5,Bernoulli,2.0,False,False,1.0
357,0.6173034417429745,,5,Bernoulli,1.5,False,True,1.0
405,0.6173034417429745,,5,Bernoulli,2.5,False,True,1.0
406,0.6173034417429745,,5,Bernoulli,2.5,False,False,1.0
478,0.6166719292706031,,10,Bernoulli,1.0,False,False,1.0
262,0.6166719292706031,,3,Bernoulli,2.5,False,False,1.0
285,0.6166719292706031,,3,Bernoulli,3.0,False,True,1.0
549,0.6166719292706031,,10,Bernoulli,2.5,False,True,1.0
214,0.6166719292706031,,3,Bernoulli,1.5,False,False,1.0
213,0.6166719292706031,,3,Bernoulli,1.5,False,True,1.0
550,0.6166719292706031,,10,Bernoulli,2.5,False,False,1.0
286,0.6166719292706031,,3,Bernoulli,3.0,False,False,1.0
477,0.6166719292706031,,10,Bernoulli,1.0,False,True,1.0
261,0.6166719292706031,,3,Bernoulli,2.5,False,True,1.0
501,0.6166719292706031,,10,Bernoulli,1.5,False,True,1.0
237,0.6166719292706031,,3,Bernoulli,2.0,False,True,1.0
238,0.6166719292706031,,3,Bernoulli,2.0,False,False,1.0
454,0.6166719292706031,,10,Bernoulli,0.5,False,False,1.0
453,0.6166719292706031,,10,Bernoulli,0.5,False,True,1.0
573,0.6166719292706031,,10,Bernoulli,3.0,False,True,1.0
574,0.6166719292706031,,10,Bernoulli,3.0,False,False,1.0
525,0.6166719292706031,,10,Bernoulli,2.0,False,True,1.0
502,0.6166719292706031,,10,Bernoulli,1.5,False,False,1.0
526,0.6166719292706031,,10,Bernoulli,2.0,False,False,1.0
189,0.6165140511525102,,3,Bernoulli,1.0,False,True,1.0
165,0.6165140511525102,,3,Bernoulli,0.5,False,True,1.0
190,0.6165140511525102,,3,Bernoulli,1.0,False,False,1.0
166,0.6165140511525102,,3,Bernoulli,0.5,False,False,1.0
338,0.6155667824439532,,5,Bernoulli,1.0,False,False,1.5
337,0.6155667824439532,,5,Bernoulli,1.0,False,True,1.5
314,0.6155667824439532,,5,Bernoulli,0.5,False,False,1.5
313,0.6155667824439532,,5,Bernoulli,0.5,False,True,1.5
361,0.6154089043258605,,5,Bernoulli,1.5,False,True,1.5
362,0.6154089043258605,,5,Bernoulli,1.5,False,False,1.5
385,0.6154089043258605,,5,Bernoulli,2.0,False,True,1.5
386,0.6154089043258605,,5,Bernoulli,2.0,False,False,1.5
409,0.6154089043258605,,5,Bernoulli,2.5,False,True,1.5
410,0.6154089043258605,,5,Bernoulli,2.5,False,False,1.5
433,0.6154089043258605,,5,Bernoulli,3.0,False,True,1.5
434,0.6154089043258605,,5,Bernoulli,3.0,False,False,1.5
217,0.6150931480896747,,3,Bernoulli,1.5,False,True,1.5
289,0.6150931480896747,,3,Bernoulli,3.0,False,True,1.5
218,0.6150931480896747,,3,Bernoulli,1.5,False,False,1.5
290,0.6150931480896747,,3,Bernoulli,3.0,False,False,1.5
266,0.6150931480896747,,3,Bernoulli,2.5,False,False,1.5
241,0.6150931480896747,,3,Bernoulli,2.0,False,True,1.5
242,0.6150931480896747,,3,Bernoulli,2.0,False,False,1.5
265,0.6150931480896747,,3,Bernoulli,2.5,False,True,1.5
169,0.614935269971582,,3,Bernoulli,0.5,False,True,1.5
170,0.614935269971582,,3,Bernoulli,0.5,False,False,1.5
193,0.614935269971582,,3,Bernoulli,1.0,False,True,1.5
194,0.614935269971582,,3,Bernoulli,1.0,False,False,1.5
482,0.6135143669087465,,10,Bernoulli,1.0,False,False,1.5
481,0.6135143669087465,,10,Bernoulli,1.0,False,True,1.5
457,0.6135143669087465,,10,Bernoulli,0.5,False,True,1.5
458,0.6135143669087465,,10,Bernoulli,0.5,False,False,1.5
530,0.6133564887906536,,10,Bernoulli,2.0,False,False,1.5
529,0.6133564887906536,,10,Bernoulli,2.0,False,True,1.5
553,0.6133564887906536,,10,Bernoulli,2.5,False,True,1.5
554,0.6133564887906536,,10,Bernoulli,2.5,False,False,1.5
577,0.6133564887906536,,10,Bernoulli,3.0,False,True,1.5
578,0.6133564887906536,,10,Bernoulli,3.0,False,False,1.5
506,0.6133564887906536,,10,Bernoulli,1.5,False,False,1.5
505,0.6133564887906536,,10,Bernoulli,1.5,False,True,1.5
